Lv,ModCountMin,TableCount,SpawnTableID_1,SpawnTableID_2,SpawnTableID_3,SpawnTableID_4,SpawnTableID_5,SpawnTableID_6,SpawnTableID_7,SpawnTableID_8,Note
1,0,3,STLv01_01,STLv01_02,STLv01_03,None,None,None,None,None,初期値(仮)
1,2,3,STLv01_01,STLv01_02,STLv01_03,STLv01_04,None,None,None,None,
1,3,3,STLv01_01,STLv01_02,STLv01_03,STLv01_04,STLv01_05,None,None,None,
1,4,3,STLv01_01,STLv01_03,STLv01_04,STLv01_05,None,None,None,None,
1,5,4,STLv01_01,STLv01_03,STLv01_04,STLv01_05,STLv01_06,None,None,None,
1,6,4,STLv01_01,STLv01_04,STLv01_05,STLv01_06,None,None,None,None,
1,7,4,STLv01_01,STLv01_04,STLv01_05,STLv01_06,STLv01_07,None,None,None,
1,8,4,STLv01_04,STLv01_05,STLv01_06,STLv01_07,STLv01_08,None,None,None,
1,9,5,STLv01_05,STLv01_06,STLv01_07,STLv01_08,STLv01_09,STLv01_10,None,None,
2,10,5,STLv02_01,STLv01_08,STLv01_09,STLv01_10,None,None,None,None,
2,12,5,STLv02_01,STLv02_02,STLv01_08,STLv01_09,STLv01_10,None,None,None,
2,14,5,STLv02_01,STLv02_02,STLv02_03,STLv01_08,STLv01_09,STLv01_10,None,None,
2,16,6,STLv02_01,STLv02_02,STLv02_03,STLv02_04,STLv01_05,STLv01_06,None,None,
2,18,6,STLv02_02,STLv02_03,STLv02_04,STLv02_05,STLv01_07,STLv01_08,None,None,
2,20,6,STLv02_03,STLv02_04,STLv02_05,STLv02_06,STLv01_09,STLv01_10,None,None,
2,22,6,STLv02_02,STLv02_03,STLv02_04,STLv02_05,STLv02_06,None,None,None,
2,24,7,STLv02_03,STLv02_04,STLv02_05,STLv02_06,STLv02_07,STLv02_08,None,None,
2,26,7,STLv02_04,STLv02_05,STLv02_06,STLv02_07,STLv02_08,STLv02_09,None,None,
2,28,7,STLv02_05,STLv02_06,STLv02_07,STLv02_08,STLv02_09,STLv02_10,None,None,
3,30,7,STLv03_01,STLv02_07,STLv02_08,STLv02_09,STLv02_10,None,None,None,
3,33,8,STLv03_01,STLv03_02,STLv02_07,STLv02_08,STLv02_09,STLv02_10,None,None,
3,36,8,STLv03_01,STLv03_02,STLv03_03,STLv02_07,STLv02_08,STLv02_09,STLv02_10,None,
3,39,8,STLv03_01,STLv03_02,STLv03_03,STLv03_04,STLv02_08,STLv02_09,STLv02_10,None,
3,42,8,STLv03_02,STLv03_03,STLv03_04,STLv03_05,STLv02_05,STLv02_06,None,None,
3,45,9,STLv03_02,STLv03_03,STLv03_04,STLv03_05,STLv02_07,STLv02_08,None,None,
3,48,9,STLv03_03,STLv03_04,STLv03_05,STLv03_06,STLv02_09,STLv02_10,None,None,
3,51,9,STLv03_04,STLv03_05,STLv03_06,STLv03_07,STLv03_08,STLv02_08,None,None,
3,54,9,STLv03_05,STLv03_06,STLv03_07,STLv03_08,STLv03_09,STLv02_09,None,None,
3,57,10,STLv03_05,STLv03_06,STLv03_07,STLv03_08,STLv03_09,STLv03_10,STLv02_10,None,
4,60,10,STLv04_01,STLv03_07,STLv03_08,STLv03_09,STLv03_10,None,None,None,
4,64,10,STLv04_01,STLv04_02,STLv03_07,STLv03_08,STLv03_09,STLv03_10,None,None,
4,68,10,STLv04_01,STLv04_02,STLv04_03,STLv03_07,STLv03_08,STLv03_09,STLv03_10,None,
4,72,10,STLv04_01,STLv04_02,STLv04_03,STLv04_04,STLv03_07,STLv03_08,STLv03_09,STLv03_10,
4,76,11,STLv04_01,STLv04_02,STLv04_03,STLv04_04,STLv04_05,STLv03_08,STLv03_09,STLv03_10,
4,80,11,STLv04_02,STLv04_03,STLv04_04,STLv04_05,STLv04_06,STLv03_05,STLv03_06,None,
4,84,11,STLv04_03,STLv04_04,STLv04_05,STLv04_06,STLv04_07,STLv03_07,STLv03_08,None,
4,88,11,STLv04_04,STLv04_05,STLv04_06,STLv04_07,STLv04_08,STLv03_09,STLv03_10,None,
4,92,11,STLv04_04,STLv04_05,STLv04_06,STLv04_07,STLv04_08,STLv04_09,None,None,
4,96,12,STLv04_05,STLv04_06,STLv04_07,STLv04_08,STLv04_09,STLv04_10,None,None,
5,100,12,STLv05_01,STLv04_07,STLv04_08,STLv04_09,STLv04_10,STLv02_09,STLv02_10,None,
5,105,12,STLv05_01,STLv05_02,STLv04_07,STLv04_08,STLv04_09,STLv04_10,STLv02_10,STLv03_10,
5,110,12,STLv05_01,STLv05_02,STLv05_03,STLv04_07,STLv04_08,STLv04_09,STLv04_10,STLv03_10,
5,115,12,STLv05_01,STLv05_02,STLv05_03,STLv05_04,STLv04_07,STLv04_08,STLv04_09,STLv04_10,
5,120,12,STLv05_01,STLv05_02,STLv05_03,STLv05_04,STLv05_05,STLv04_08,STLv04_09,STLv04_10,
5,125,12,STLv05_02,STLv05_03,STLv05_04,STLv05_05,STLv05_06,STLv04_05,STLv04_06,None,
5,130,12,STLv05_03,STLv05_04,STLv05_05,STLv05_06,STLv05_07,STLv04_07,STLv04_08,None,
5,135,13,STLv05_04,STLv05_05,STLv05_06,STLv05_07,STLv05_08,STLv04_09,STLv04_10,None,
5,140,13,STLv05_04,STLv05_05,STLv05_06,STLv05_07,STLv05_08,STLv05_09,None,None,
5,145,13,STLv05_05,STLv05_06,STLv05_07,STLv05_08,STLv05_09,STLv05_10,None,None,
6,150,13,STLv06_01,STLv05_07,STLv05_08,STLv05_09,STLv05_10,STLv03_10,None,None,
6,156,13,STLv06_01,STLv06_02,STLv05_07,STLv05_08,STLv05_09,STLv05_10,STLv03_10,STLv04_10,
6,162,13,STLv06_01,STLv06_02,STLv06_03,STLv05_07,STLv05_08,STLv05_09,STLv05_10,STLv04_10,
6,168,13,STLv06_01,STLv06_02,STLv06_03,STLv06_04,STLv05_07,STLv05_08,STLv05_09,STLv05_10,
6,174,13,STLv06_01,STLv06_02,STLv06_03,STLv06_04,STLv06_05,STLv05_08,STLv05_09,STLv05_10,
6,180,14,STLv06_02,STLv06_03,STLv06_04,STLv06_05,STLv06_06,STLv03_10,STLv04_10,STLv05_10,
6,186,14,STLv06_03,STLv06_04,STLv06_05,STLv06_06,STLv06_07,STLv05_05,STLv05_06,None,
6,192,14,STLv06_04,STLv06_05,STLv06_06,STLv06_07,STLv06_08,STLv05_07,STLv05_08,None,
6,198,14,STLv06_05,STLv06_06,STLv06_07,STLv06_08,STLv06_09,STLv05_09,STLv05_10,None,
6,204,14,STLv06_06,STLv06_07,STLv06_08,STLv06_09,STLv06_10,STLv03_10,STLv04_10,STLv05_10,
7,210,14,STLv07_01,STLv06_07,STLv06_08,STLv06_09,STLv06_10,STLv01_10,STLv02_10,STLv03_10,
7,217,14,STLv07_01,STLv07_02,STLv06_07,STLv06_08,STLv06_09,STLv06_10,None,None,
7,224,14,STLv07_01,STLv07_02,STLv07_03,STLv06_07,STLv06_08,STLv06_09,STLv06_10,None,
7,231,14,STLv07_01,STLv07_02,STLv07_03,STLv07_04,STLv06_07,STLv06_08,STLv06_09,STLv06_10,
7,238,14,STLv07_01,STLv07_02,STLv07_03,STLv07_04,STLv07_05,STLv06_08,STLv06_09,STLv06_10,
7,245,14,STLv07_02,STLv07_03,STLv07_04,STLv07_05,STLv07_06,STLv04_08,STLv05_08,STLv06_08,
7,252,15,STLv07_03,STLv07_04,STLv07_05,STLv07_06,STLv07_07,STLv04_09,STLv05_09,STLv06_09,
7,259,15,STLv07_04,STLv07_05,STLv07_06,STLv07_07,STLv07_08,STLv04_10,STLv05_10,STLv06_10,
7,266,15,STLv07_04,STLv07_05,STLv07_06,STLv07_07,STLv07_08,STLv07_09,None,None,
7,273,15,STLv07_04,STLv07_05,STLv07_06,STLv07_07,STLv07_08,STLv07_09,STLv07_10,None,
8,280,15,STLv08_01,STLv07_07,STLv07_08,STLv07_09,STLv07_10,None,None,None,
8,288,15,STLv08_01,STLv08_02,STLv07_07,STLv07_08,STLv07_09,STLv07_10,None,None,
8,296,15,STLv08_01,STLv08_02,STLv08_03,STLv07_07,STLv07_08,STLv07_09,STLv07_10,None,
8,304,15,STLv08_01,STLv08_02,STLv08_03,STLv08_04,STLv07_07,STLv07_08,STLv07_09,STLv07_10,
8,312,15,STLv08_01,STLv08_02,STLv08_03,STLv08_04,STLv08_05,STLv05_06,STLv06_07,STLv07_08,
8,320,15,STLv08_02,STLv08_03,STLv08_04,STLv08_05,STLv08_06,STLv05_07,STLv06_08,STLv07_09,
8,328,16,STLv08_03,STLv08_04,STLv08_05,STLv08_06,STLv08_07,STLv05_08,STLv06_09,STLv07_10,
8,336,16,STLv08_04,STLv08_05,STLv08_06,STLv08_07,STLv08_08,STLv05_10,STLv06_10,STLv07_10,
8,344,16,STLv08_04,STLv08_05,STLv08_06,STLv08_07,STLv08_08,STLv08_09,STLv06_10,None,
8,352,16,STLv08_05,STLv08_06,STLv08_07,STLv08_08,STLv08_09,STLv08_10,STLv07_10,None,
9,360,16,STLv09_01,STLv08_07,STLv08_08,STLv08_09,STLv08_10,None,None,None,
9,369,16,STLv09_01,STLv09_02,STLv08_07,STLv08_08,STLv08_09,STLv08_10,None,None,
9,378,16,STLv09_01,STLv09_02,STLv09_03,STLv08_07,STLv08_08,STLv08_09,STLv08_10,None,
9,387,17,STLv09_01,STLv09_02,STLv09_03,STLv09_04,STLv08_07,STLv08_08,STLv08_09,STLv08_10,
9,396,17,STLv09_01,STLv09_02,STLv09_03,STLv09_04,STLv09_05,STLv06_02,STLv07_02,STLv08_02,
9,405,17,STLv09_02,STLv09_03,STLv09_04,STLv09_05,STLv09_06,STLv06_04,STLv07_05,STLv08_06,
9,414,17,STLv09_03,STLv09_04,STLv09_05,STLv09_06,STLv09_07,STLv06_08,STLv07_09,STLv08_03,
9,423,17,STLv09_04,STLv09_05,STLv09_06,STLv09_07,STLv09_08,STLv06_09,STLv07_10,STLv08_09,
9,432,17,STLv09_04,STLv09_05,STLv09_06,STLv09_07,STLv09_08,STLv09_09,STLv07_06,STLv08_07,
9,441,17,STLv09_05,STLv09_06,STLv09_07,STLv09_08,STLv09_09,STLv09_10,STLv07_10,STLv08_10,
10,450,17,STLv10_01,STLv10_02,STLv10_03,STLv09_07,STLv09_08,STLv09_09,STLv09_10,None,
10,460,17,STLv10_01,STLv10_02,STLv10_03,STLv10_04,STLv09_07,STLv09_08,STLv09_09,STLv09_10,
10,470,18,STLv10_01,STLv10_02,STLv10_03,STLv10_04,STLv10_05,None,None,None,
10,480,18,STLv10_01,STLv10_02,STLv10_03,STLv10_04,STLv10_05,STLv10_06,None,None,
10,490,18,STLv10_01,STLv10_02,STLv10_03,STLv10_04,STLv10_05,STLv10_06,STLv10_07,None,
10,500,18,STLv10_01,STLv10_02,STLv10_03,STLv10_04,STLv10_05,STLv10_06,STLv10_07,STLv10_08,
10,520,18,STLv10_02,STLv10_03,STLv10_04,STLv10_05,STLv10_06,STLv10_07,STLv10_08,STLv08_10,
10,540,18,STLv10_04,STLv10_05,STLv10_06,STLv10_07,STLv10_08,STLv10_09,STLv08_10,STLv09_10,
10,560,18,STLv10_02,STLv10_03,STLv10_04,STLv10_05,STLv10_06,STLv10_07,STLv10_08,STLv10_09,
10,580,18,STLv10_03,STLv10_04,STLv10_05,STLv10_06,STLv10_07,STLv10_08,STLv10_09,STLv10_10,
